{"cameraMode":{"drawMode":0,"name":"Shaded","section":"Shading Mode"},"sceneLighting":false,"audioPlay":false,"sceneViewState":{"showFog":true,"showMaterialUpdate":false,"showSkybox":false,"showFlares":true,"showImageEffects":true,"showParticleSystems":true},"in2DMode":false,"pivot":{"x":386.55999755859377,"y":223.0,"z":-0.1080000028014183},"rotation":{"x":-0.21229413151741029,"y":0.08902403712272644,"z":-0.01946512795984745,"w":-0.9730369448661804},"size":138.0398406982422,"orthographic":false}