{"cameraMode":{"drawMode":0,"name":"Shaded","section":"Shading Mode"},"sceneLighting":false,"audioPlay":false,"sceneViewState":{"showFog":true,"showMaterialUpdate":false,"showSkybox":false,"showFlares":true,"showImageEffects":true,"showParticleSystems":true},"in2DMode":false,"pivot":{"x":-1.448420763015747,"y":2.2214736938476564,"z":-0.2780277729034424},"rotation":{"x":0.13468943536281587,"y":-0.4158118963241577,"z":0.062027398496866229,"w":0.8973994255065918},"size":2.267730951309204,"orthographic":false}