{"cameraMode":{"drawMode":0,"name":"Shaded","section":"Shading Mode"},"sceneLighting":true,"audioPlay":false,"sceneViewState":{"showFog":true,"showMaterialUpdate":false,"showSkybox":true,"showFlares":true,"showImageEffects":true,"showParticleSystems":true},"in2DMode":false,"pivot":{"x":0.38395747542381289,"y":5.262290954589844,"z":-6.08941125869751},"rotation":{"x":0.4365832805633545,"y":0.006739927921444178,"z":-0.0032808720134198667,"w":0.8996387124061585},"size":7.194123268127441,"orthographic":false}