{"cameraMode":{"drawMode":0,"name":"Shaded","section":"Shading Mode"},"sceneLighting":false,"audioPlay":false,"sceneViewState":{"showFog":true,"showMaterialUpdate":false,"showSkybox":false,"showFlares":true,"showImageEffects":true,"showParticleSystems":true},"in2DMode":false,"pivot":{"x":0.3711794912815094,"y":1.4601362943649293,"z":-1.3333637714385987},"rotation":{"x":0.367718368768692,"y":0.03592190891504288,"z":-0.014265753328800202,"w":0.9292371869087219},"size":1.4797635078430176,"orthographic":false}