{"cameraMode":{"drawMode":0,"name":"Shaded","section":"Shading Mode"},"sceneLighting":false,"audioPlay":false,"sceneViewState":{"showFog":true,"showMaterialUpdate":false,"showSkybox":false,"showFlares":true,"showImageEffects":true,"showParticleSystems":true},"in2DMode":false,"pivot":{"x":-0.721005380153656,"y":-0.19683843851089478,"z":5.288716793060303},"rotation":{"x":-0.16601474583148957,"y":0.6667924523353577,"z":-0.15601150691509248,"w":-0.7096941471099854},"size":5.750001907348633,"orthographic":false}