{"cameraMode":{"drawMode":0,"name":"Shaded","section":"Shading Mode"},"sceneLighting":false,"audioPlay":false,"sceneViewState":{"showFog":true,"showMaterialUpdate":false,"showSkybox":false,"showFlares":true,"showImageEffects":true,"showParticleSystems":true},"in2DMode":false,"pivot":{"x":336.2529296875,"y":135.03892517089845,"z":0.0},"rotation":{"x":-0.00020341800700407475,"y":-0.9997867345809937,"z":-0.023684676736593248,"w":0.005953955929726362},"size":106.99104309082031,"orthographic":false}