{"cameraMode":{"drawMode":0,"name":"Shaded","section":"Shading Mode"},"sceneLighting":false,"audioPlay":false,"sceneViewState":{"showFog":true,"showMaterialUpdate":false,"showSkybox":false,"showFlares":true,"showImageEffects":true,"showParticleSystems":true},"in2DMode":false,"pivot":{"x":4.470348358154297e-8,"y":-1.2599999904632569,"z":0.0},"rotation":{"x":0.14185260236263276,"y":-0.319396048784256,"z":0.04804801568388939,"w":0.9358252882957459},"size":3.2432262897491457,"orthographic":false}